,number,value,datetime_start,datetime_complete,duration,params_bagging_temperature,params_bootstrap_type,params_colsample_bylevel,params_depth,params_l2_leaf_reg,params_learning_rate,params_min_data_in_leaf,params_od_type,params_od_wait,params_random_strength,params_subsample,state
0,0,0.28421777777777774,2025-06-26 12:41:30.606483,2025-06-26 12:41:53.945057,0 days 00:00:23.338574,6.2001779991879726e-06,MVS,0.20796318656065466,6,3.3148341382083104,0.006207107247569148,98,IncToDec,39,0.883144702535295,0.09138419995630612,COMPLETE
1,1,0.28864,2025-06-26 12:41:53.946492,2025-06-26 12:42:06.521650,0 days 00:00:12.575158,0.00035495333274965213,MVS,0.378895932221675,6,1.7652891555296786,0.059774504825516134,56,Iter,14,0.0678417635387436,0.1886730423158563,COMPLETE
2,2,0.2804088888888889,2025-06-26 12:42:06.522839,2025-06-26 12:42:37.332264,0 days 00:00:30.809425,5.030022644213864e-06,Bayesian,0.7477621958654624,7,3.8077356838637604,0.0035048113780663617,26,Iter,22,0.563687539524252,0.1679483773988487,COMPLETE
3,3,0.2866888888888888,2025-06-26 12:42:37.333617,2025-06-26 12:42:51.808092,0 days 00:00:14.474475,7.718578327462994e-05,Bernoulli,0.6160364572093902,6,1.958968637971008,0.23386744982122018,7,Iter,32,0.7222337322806531,0.9740025041452954,COMPLETE
4,4,0.28589777777777775,2025-06-26 12:42:51.809299,2025-06-26 12:43:05.435052,0 days 00:00:13.625753,5.460565689423071e-09,Bayesian,0.5244623512142426,4,3.9214817930319734,0.2145703409285318,56,IncToDec,31,0.26984263977959355,0.6528984606629881,COMPLETE
5,5,0.2801022222222222,2025-06-26 12:43:05.435909,2025-06-26 12:43:28.011599,0 days 00:00:22.575690,3.597479721763355e-07,Bernoulli,0.7968284287240831,4,1.0249614918876224,0.002113719147378424,45,IncToDec,32,0.9553915219915697,0.36922533183654416,COMPLETE
6,6,0.28194222222222226,2025-06-26 12:43:28.012555,2025-06-26 12:43:54.511268,0 days 00:00:26.498713,6.091632367989837,MVS,0.7930763409455063,4,3.2262570116716667,0.007383225548039623,96,IncToDec,10,0.7234098481621414,0.5810277158986696,COMPLETE
7,7,0.28750666666666663,2025-06-26 12:43:54.512157,2025-06-26 12:44:26.972820,0 days 00:00:32.460663,5.0141603332432515e-09,Bayesian,0.3907675676027332,5,2.107896005067556,0.0548995737881301,49,IncToDec,48,0.36476663338200876,0.42523428300105787,COMPLETE
8,8,0.2853333333333333,2025-06-26 12:44:26.973638,2025-06-26 12:44:56.032966,0 days 00:00:29.059328,0.1261465456556975,MVS,0.5983215674295758,6,1.2099232990564175,0.008301119183150048,31,IncToDec,14,0.490215942025346,0.19377895979047943,COMPLETE
9,9,0.2801777777777778,2025-06-26 12:44:56.033972,2025-06-26 12:45:29.603381,0 days 00:00:33.569409,0.007720119488315987,MVS,0.7046784267509768,9,1.5300473589931054,0.0012438477203833424,83,IncToDec,27,0.9197402509078307,0.16483604054753825,COMPLETE
10,10,0.2852222222222222,2025-06-26 12:45:29.604233,2025-06-26 12:45:39.501963,0 days 00:00:09.897730,0.00030123684125072455,MVS,0.5245319230529877,5,2.0538607718842314,0.09826607669127363,72,Iter,19,0.043685281023554505,0.15420578518876235,COMPLETE
11,11,0.28741777777777777,2025-06-26 12:45:39.502800,2025-06-26 12:46:14.135455,0 days 00:00:34.632655,2.9600483445277244e-09,Bayesian,0.3972848717376405,7,1.317125137274358,0.06910072754232505,54,IncToDec,47,0.31818098972345976,0.606344760632378,COMPLETE
12,12,0.28404888888888885,2025-06-26 12:46:14.136448,2025-06-26 12:46:18.886675,0 days 00:00:04.750227,0.06719415859825952,Bayesian,0.14568271201868888,7,1.2281604076002945,0.23443067821034913,56,Iter,12,0.19158281300065388,0.11719526659574343,COMPLETE
13,13,0.28673333333333334,2025-06-26 12:46:18.887495,2025-06-26 12:46:43.069865,0 days 00:00:24.182370,6.326164936646851e-08,Bayesian,0.39345751975096177,3,2.7667786919704183,0.07267201029809955,2,IncToDec,45,0.3233097077691389,0.2409040242968412,COMPLETE
14,14,0.2868622222222222,2025-06-26 12:46:43.070775,2025-06-26 12:47:10.498254,0 days 00:00:27.427479,3.500059913267833e-09,Bayesian,0.27275825327040903,4,2.9588539299369856,0.02789929644540657,79,Iter,50,0.2168648194417186,0.435301195891857,COMPLETE
15,15,0.2878933333333333,2025-06-26 12:47:10.499087,2025-06-26 12:47:48.503375,0 days 00:00:38.004288,8.616207287104098e-05,MVS,0.4128309344978989,7,2.662553443489604,0.016273312533793247,15,Iter,29,0.15173916835323714,0.4133841246599239,COMPLETE
16,16,0.2874977777777778,2025-06-26 12:47:48.504416,2025-06-26 12:48:22.954710,0 days 00:00:34.450294,3.407883588835695e-08,MVS,0.33677571175023396,7,2.4269735718083076,0.013895074362176971,18,Iter,24,0.17890596404695353,0.5452592327373569,COMPLETE
17,17,0.28756444444444446,2025-06-26 12:48:22.955631,2025-06-26 12:48:35.739232,0 days 00:00:12.783601,0.00030658583835541987,MVS,0.5584651657233021,7,2.944914657430673,0.17773264136693157,15,Iter,38,0.1816751715830634,0.4177367592068833,COMPLETE
18,18,0.2859422222222222,2025-06-26 12:48:35.740256,2025-06-26 12:48:50.813777,0 days 00:00:15.073521,6.4599789270089035e-06,MVS,0.30982364347758395,5,1.5476562932043851,0.07492619447916601,49,IncToDec,15,0.36079152696897543,0.48676161456304984,COMPLETE
19,19,0.2862311111111111,2025-06-26 12:48:50.814579,2025-06-26 12:49:18.987303,0 days 00:00:28.172724,0.04482970221702772,Bayesian,0.22444438000758257,6,2.5588562831010657,0.007847962562602215,18,Iter,34,0.12231352746617617,0.6540247484359489,COMPLETE
20,20,0.2856444444444444,2025-06-26 12:49:18.988183,2025-06-26 12:50:19.841536,0 days 00:01:00.853353,0.0003049017661559624,MVS,0.539018365792937,10,2.2506341546370914,0.002490233597744377,21,Iter,39,0.1569938162262112,0.4037680294058112,COMPLETE
21,21,0.2885244444444444,2025-06-26 12:50:19.842494,2025-06-26 12:50:47.277402,0 days 00:00:27.434908,0.00045311908760252233,MVS,0.6127429376707545,4,4.645720816806793,0.04966280347966698,25,Iter,30,0.31197139921341366,0.6057238124308177,COMPLETE
22,22,0.2869333333333333,2025-06-26 12:50:47.278325,2025-06-26 12:51:15.183643,0 days 00:00:27.905318,0.0007498728673823766,MVS,0.5975073497294088,3,2.716847943955667,0.015895615295780825,17,Iter,30,0.3832515429445165,0.9005168318122931,COMPLETE
23,23,0.2888133333333333,2025-06-26 12:51:15.184589,2025-06-26 12:51:39.493575,0 days 00:00:24.308986,7.288020515539088e-08,MVS,0.5926957723811817,4,4.766559364637123,0.04476000612946517,31,Iter,18,0.048244045339864594,0.7219883327942651,COMPLETE
24,24,0.28687999999999997,2025-06-26 12:51:39.494772,2025-06-26 12:52:03.727379,0 days 00:00:24.232607,7.531377863534551e-08,MVS,0.6254498179847321,4,4.140488789723247,0.035182816707718306,52,IncToDec,14,0.0076975006101902416,0.6908255873181347,COMPLETE
25,25,0.28805333333333333,2025-06-26 12:52:03.728338,2025-06-26 12:52:26.769965,0 days 00:00:23.041627,0.2724413019249582,MVS,0.6159074253228566,4,4.684193209682405,0.04637319178902088,9,IncToDec,26,0.37166284278751277,0.42099053660821456,COMPLETE
26,26,0.28717333333333334,2025-06-26 12:52:26.770891,2025-06-26 12:53:02.420058,0 days 00:00:35.649167,3.5837949650105145e-09,Bayesian,0.6904437784694604,5,3.654870502572405,0.008868702216900797,17,Iter,20,0.162058670069428,0.7100862159073762,COMPLETE
27,27,0.28809333333333337,2025-06-26 12:53:02.421111,2025-06-26 12:53:15.071389,0 days 00:00:12.650278,8.250361552173919e-07,MVS,0.766831228720642,4,4.15773422724691,0.10154675804326323,24,Iter,16,0.10202051057351319,0.5795536266643171,COMPLETE
28,28,0.28704888888888885,2025-06-26 12:53:15.072267,2025-06-26 12:53:44.422154,0 days 00:00:29.349887,1.1061741463284216e-05,Bernoulli,0.6020842875995371,3,4.597703099114672,0.024010361581122287,55,Iter,26,0.10943544445129885,0.9775802723533247,COMPLETE
29,29,0.2849022222222222,2025-06-26 12:53:44.423002,2025-06-26 12:53:48.914405,0 days 00:00:04.491403,5.048821356468425e-08,MVS,0.200541225041573,4,4.508605778608642,0.22298226449813546,16,Iter,17,0.029607840461424128,0.8244503549896238,COMPLETE
30,30,0.28542666666666666,2025-06-26 12:53:48.915233,2025-06-26 12:53:55.621939,0 days 00:00:06.706706,0.06646163912356177,Bernoulli,0.502804941986039,4,4.661884052530517,0.15337280163120307,27,Iter,16,0.042424822846300614,0.48860038677011525,COMPLETE
31,31,0.28813777777777777,2025-06-26 12:53:55.622709,2025-06-26 12:54:18.790370,0 days 00:00:23.167661,8.324684517015494e-06,MVS,0.7797636367809798,3,4.659000972236973,0.0442650079933302,25,Iter,29,0.1912398527227757,0.4351562620249605,COMPLETE
32,32,0.28635555555555553,2025-06-26 12:54:18.791313,2025-06-26 12:54:45.264643,0 days 00:00:26.473330,0.0010326576171847041,MVS,0.7013686958987722,3,3.08777579302636,0.01835238476507757,58,IncToDec,39,0.2152897253734035,0.23165730643802612,COMPLETE
33,33,0.28798666666666667,2025-06-26 12:54:45.265490,2025-06-26 12:54:59.814641,0 days 00:00:14.549151,2.498112843730587e-06,Bernoulli,0.7805267600340086,3,4.195226734394629,0.13829352048769503,16,IncToDec,36,0.0799035020927515,0.19396543817370077,COMPLETE
34,34,0.28709777777777773,2025-06-26 12:54:59.815573,2025-06-26 12:55:22.914514,0 days 00:00:23.098941,1.1346978128566626e-09,MVS,0.7182326106200158,4,3.790698415038191,0.03835951158447809,7,Iter,33,0.3876154514298362,0.1351699420608271,COMPLETE
35,35,0.2875466666666667,2025-06-26 12:55:22.915335,2025-06-26 12:55:48.501286,0 days 00:00:25.585951,2.8201535462108845e-06,MVS,0.7348618602321216,3,4.788365751095074,0.06126990374489667,60,Iter,32,0.4607523266449449,0.461105237380952,COMPLETE
36,36,0.28677777777777774,2025-06-26 12:55:48.502195,2025-06-26 12:56:15.947946,0 days 00:00:27.445751,8.665026111642562e-07,Bernoulli,0.768694596739817,3,2.3246398842802707,0.011607606122504041,24,Iter,23,0.06842653044010415,0.3607006984279498,COMPLETE
37,37,0.2873866666666666,2025-06-26 12:56:15.948807,2025-06-26 12:56:35.422824,0 days 00:00:19.474017,1.2159970318780626,MVS,0.7058908816048274,3,3.9020006320959597,0.07773466987977763,22,Iter,34,0.1670385657709448,0.695751450826462,COMPLETE
38,38,0.28732444444444444,2025-06-26 12:56:35.423664,2025-06-26 12:57:06.122944,0 days 00:00:30.699280,0.0001682732080772316,Bayesian,0.7848403200634759,3,3.705695298926441,0.0112484587427756,47,Iter,30,0.13408123131878436,0.44269552144334207,COMPLETE
39,39,0.2843111111111111,2025-06-26 12:57:06.123858,2025-06-26 12:57:17.707936,0 days 00:00:11.584078,3.0581830229871055e-05,MVS,0.06523755161373812,5,1.460823845791871,0.03978940986486047,35,Iter,16,0.014003436397271862,0.2970345417732435,COMPLETE
40,40,0.2898266666666667,2025-06-26 12:57:17.708722,2025-06-26 12:57:48.916451,0 days 00:00:31.207729,0.0003127055459513509,MVS,0.5721606839482257,5,4.638286856250468,0.06636310670484787,22,Iter,30,0.5051697560735477,0.5810398337042082,COMPLETE
41,41,0.28864888888888884,2025-06-26 12:57:48.917267,2025-06-26 12:58:03.603788,0 days 00:00:14.686521,5.104123071509267e-05,MVS,0.7980204959811742,6,4.56160756298383,0.170969617720109,6,Iter,29,0.5363156614043115,0.6065023439392836,COMPLETE
42,42,0.28755555555555556,2025-06-26 12:58:03.604611,2025-06-26 12:58:20.688468,0 days 00:00:17.083857,3.636320108044865e-06,Bernoulli,0.5486519580981288,6,4.045008889795057,0.15565271258579974,5,Iter,24,0.7258598226687517,0.5934825995482753,COMPLETE
43,43,0.28756,2025-06-26 12:58:20.689369,2025-06-26 12:58:57.319196,0 days 00:00:36.629827,0.0038636340136447215,Bayesian,0.6551818675923,7,4.8889174665287465,0.08154095962895037,16,Iter,35,0.5573567015864892,0.6210882828979563,COMPLETE
44,44,0.28641777777777777,2025-06-26 12:58:57.320112,2025-06-26 12:59:18.109972,0 days 00:00:20.789860,0.17028969643084088,MVS,0.7382561776004705,7,4.37352657731019,0.09006427995478943,5,Iter,20,0.4128442025702397,0.7067458819264937,COMPLETE
45,45,0.28739999999999993,2025-06-26 12:59:18.110784,2025-06-26 12:59:33.933219,0 days 00:00:15.822435,5.434062138104904e-06,MVS,0.6839681535979214,7,4.459394412412097,0.20413563712459443,8,Iter,34,0.43534449250456897,0.7411996996064365,COMPLETE
46,46,0.2857955555555555,2025-06-26 12:59:33.934323,2025-06-26 13:00:02.799464,0 days 00:00:28.865141,0.3447827954954226,MVS,0.6021601361148461,5,4.539773459242379,0.011924054086186815,32,Iter,33,0.43025473381280155,0.47682138918444833,COMPLETE
47,47,0.2845333333333333,2025-06-26 13:00:02.800260,2025-06-26 13:00:07.406410,0 days 00:00:04.606150,0.0001563446815296347,Bernoulli,0.4323880891931795,6,1.7306444502356786,0.1925385678969829,38,Iter,12,0.023174551228959027,0.2948986247454493,COMPLETE
48,48,0.2874933333333333,2025-06-26 13:00:07.407361,2025-06-26 13:00:32.685744,0 days 00:00:25.278383,0.00020458914747448852,MVS,0.6246153175078629,5,4.54052657349414,0.05923890441558655,13,Iter,28,0.7274408536402807,0.5652687557134604,COMPLETE
49,49,0.28627111111111114,2025-06-26 13:00:32.686601,2025-06-26 13:01:00.211910,0 days 00:00:27.525309,1.083071242891852e-06,MVS,0.47242887557077473,5,4.911038567948509,0.03450378157401949,12,Iter,23,0.35470720452786364,0.7190152297674418,COMPLETE
50,50,0.2882577777777778,2025-06-26 13:01:00.212751,2025-06-26 13:01:36.467586,0 days 00:00:36.254835,0.22112189876738653,MVS,0.43628873288141967,6,2.475853948605839,0.017364851742794608,78,IncToDec,13,0.023431837116900493,0.5001993869292545,COMPLETE
51,51,0.2871244444444444,2025-06-26 13:01:36.468585,2025-06-26 13:02:01.634142,0 days 00:00:25.165557,0.011836413324581943,MVS,0.49158790004732866,5,2.2390386194482623,0.025215802642645637,77,IncToDec,14,0.1764556729774887,0.4255567060158094,COMPLETE
52,52,0.2884977777777778,2025-06-26 13:02:01.635015,2025-06-26 13:02:20.711305,0 days 00:00:19.076290,0.2159389537628958,Bernoulli,0.2021575193831502,7,2.192713514198046,0.03629395917325977,50,IncToDec,15,0.14997824642675722,0.2197829610132046,COMPLETE
53,53,0.28602666666666665,2025-06-26 13:02:20.712112,2025-06-26 13:02:35.522683,0 days 00:00:14.810571,8.153402854171228,Bernoulli,0.3066814580094267,7,2.5905350149375796,0.05076547847189423,61,IncToDec,14,0.2636091765500534,0.16387194313650957,COMPLETE
54,54,0.28719999999999996,2025-06-26 13:02:35.523537,2025-06-26 13:02:51.106081,0 days 00:00:15.582544,0.0003577263113934399,MVS,0.3154891409728307,8,1.693941346935354,0.05107793301940725,32,Iter,17,0.071071683687257,0.10755449133288848,COMPLETE
55,55,0.28655111111111103,2025-06-26 13:02:51.107015,2025-06-26 13:03:08.076787,0 days 00:00:16.969772,0.1628725344224456,Bernoulli,0.14875097318522584,6,1.0209844547415607,0.023479334882371673,29,IncToDec,13,0.23708398139506665,0.059093898736049366,COMPLETE
56,56,0.28532444444444444,2025-06-26 13:03:08.077683,2025-06-26 13:03:35.344764,0 days 00:00:27.267081,8.184809804283687e-06,MVS,0.2825500851298717,6,1.5142592596950089,0.004284348242294973,82,Iter,21,0.31747466959116877,0.13881220869882185,COMPLETE
57,57,0.28747999999999996,2025-06-26 13:03:35.345552,2025-06-26 13:03:59.115979,0 days 00:00:23.770427,0.0011197036944173618,MVS,0.4357513188434776,3,3.644646139881467,0.06610045166656638,39,Iter,43,0.4078680531760023,0.6130369412285009,COMPLETE
58,58,0.2890488888888889,2025-06-26 13:03:59.116808,2025-06-26 13:04:15.072135,0 days 00:00:15.955327,0.0893685652724,MVS,0.24494998710408866,7,2.2850633871479706,0.053990644920378625,78,Iter,19,0.047003966211052406,0.10191708012543314,COMPLETE
59,59,0.2885422222222222,2025-06-26 13:04:15.073113,2025-06-26 13:04:33.024389,0 days 00:00:17.951276,9.652607367560078,MVS,0.1118218885688515,9,2.9693379121467878,0.049036077464480715,66,Iter,25,0.256655438822523,0.23738870333068057,COMPLETE
60,60,0.28794222222222227,2025-06-26 13:04:33.025181,2025-06-26 13:05:02.260037,0 days 00:00:29.234856,2.1743801440818253,MVS,0.2266468258653268,10,4.655222315169239,0.0509296326114008,52,Iter,25,0.3064602537174661,0.23283009266510268,COMPLETE
61,61,0.28757777777777777,2025-06-26 13:05:02.260988,2025-06-26 13:05:13.490709,0 days 00:00:11.229721,3.6489425880038198,MVS,0.16066145637426474,9,2.1721256086653975,0.1255134132075788,89,Iter,24,0.3522981770482694,0.16702100732388525,COMPLETE
62,62,0.2852666666666666,2025-06-26 13:05:13.491532,2025-06-26 13:05:36.060999,0 days 00:00:22.569467,2.383254159611888,Bayesian,0.1117509432183915,8,3.340858600307247,0.016370209196981764,70,Iter,21,0.12426002232900307,0.3266743016897196,COMPLETE
63,63,0.2885422222222222,2025-06-26 13:05:36.062333,2025-06-26 13:06:01.866406,0 days 00:00:25.804073,9.183618358956524e-05,MVS,0.34827544305186914,8,1.4876091715942654,0.04498092541473367,78,IncToDec,17,0.07234050523366617,0.15784536606446894,COMPLETE
64,64,0.28533777777777775,2025-06-26 13:06:01.867316,2025-06-26 13:06:15.174724,0 days 00:00:13.307408,0.007050145870253942,MVS,0.4644478133766317,8,1.1783334425993695,0.07684981806906033,92,IncToDec,14,0.10155614201189472,0.1867659631870156,COMPLETE
65,65,0.2869644444444444,2025-06-26 13:06:15.175576,2025-06-26 13:06:43.353829,0 days 00:00:28.178253,1.1189607344556756e-05,MVS,0.24250981873674732,7,2.181156968051143,0.018883015391774893,64,IncToDec,28,0.18824356670380352,0.13831125433052074,COMPLETE
66,66,0.28467555555555557,2025-06-26 13:06:43.354715,2025-06-26 13:06:49.337261,0 days 00:00:05.982546,2.5934856972005155e-05,MVS,0.51551755690661,5,1.0918860277954725,0.10961819858553343,43,Iter,12,0.20727811724345618,0.16021908940191085,COMPLETE
67,67,0.2883422222222222,2025-06-26 13:06:49.338160,2025-06-26 13:07:16.532596,0 days 00:00:27.194436,2.553627793729643e-08,MVS,0.5727063355657078,4,4.9204566614420795,0.03520131772107553,43,Iter,29,0.05074958177052511,0.8770225884972256,COMPLETE
68,68,0.28685333333333335,2025-06-26 13:07:16.533429,2025-06-26 13:07:36.004583,0 days 00:00:19.471154,0.6139422008997278,MVS,0.2971560238501617,6,2.0986580018552847,0.03401954586097859,76,Iter,14,0.033200062568811875,0.26228857565992436,COMPLETE
69,69,0.28430666666666665,2025-06-26 13:07:36.005512,2025-06-26 13:07:45.214150,0 days 00:00:09.208638,0.00011889146753960237,MVS,0.7477416870546882,6,3.4521914726420744,0.29988185686273494,2,IncToDec,36,0.8327053002811236,0.24538524889790725,COMPLETE
70,70,0.2858266666666667,2025-06-26 13:07:45.214986,2025-06-26 13:08:04.764863,0 days 00:00:19.549877,0.08198513131709187,Bayesian,0.07910413891905255,9,2.934273985926984,0.05734463617796946,62,IncToDec,29,0.3764349379925006,0.10087737663448815,COMPLETE
71,71,0.2849511111111111,2025-06-26 13:08:04.765704,2025-06-26 13:08:12.920195,0 days 00:00:08.154491,0.00011444771629718632,MVS,0.35252754877718206,10,2.218698731067549,0.2730108321311569,58,IncToDec,13,0.04905637978804019,0.07005684968530455,COMPLETE
72,72,0.28587999999999997,2025-06-26 13:08:12.921052,2025-06-26 13:08:28.452748,0 days 00:00:15.531696,2.606933175322367e-08,Bernoulli,0.3999944524762829,7,1.6542446654653058,0.06403925785140877,93,IncToDec,12,0.23419076715354384,0.29093107236098914,COMPLETE
73,73,0.2880933333333333,2025-06-26 13:08:28.453568,2025-06-26 13:09:04.163047,0 days 00:00:35.709479,2.727324235620148e-06,Bayesian,0.32883223891304136,6,1.522381816284578,0.012238407363059596,76,IncToDec,13,0.04522720567620788,0.42254189015675603,COMPLETE
74,74,0.2901155555555555,2025-06-26 13:09:04.163885,2025-06-26 13:09:54.030692,0 days 00:00:49.866807,5.233089240178375,MVS,0.4214429324162141,8,2.844166127031995,0.018387660525581693,61,Iter,31,0.05785320613974244,0.06783871147723564,COMPLETE
75,75,0.28718666666666665,2025-06-26 13:09:54.031522,2025-06-26 13:10:45.429075,0 days 00:00:51.397553,3.4272048060114444,MVS,0.44911379646453153,8,3.0801948651833713,0.005964247457194557,72,Iter,30,0.08324446687512543,0.3333191401065893,COMPLETE
76,76,0.2868,2025-06-26 13:10:45.429999,2025-06-26 13:10:52.165627,0 days 00:00:06.735628,3.4152155944767397,MVS,0.3372945526842357,5,2.3044302166706734,0.26415836953813976,85,Iter,36,0.10119959610346776,0.27679930579166967,COMPLETE
77,77,0.28673777777777776,2025-06-26 13:10:52.166455,2025-06-26 13:11:43.664932,0 days 00:00:51.498477,0.11524677931321495,MVS,0.5936087713702695,8,2.8806519868561398,0.013241059041733838,52,Iter,23,0.19152264253503784,0.1195944744756165,COMPLETE
78,78,0.28792888888888885,2025-06-26 13:11:43.665791,2025-06-26 13:12:03.357736,0 days 00:00:19.691945,0.08341632521170403,MVS,0.2126180553108375,8,3.2676490166152705,0.08013991643426768,46,Iter,26,0.1209277843666714,0.690195330019247,COMPLETE
79,79,0.2861466666666666,2025-06-26 13:12:03.358835,2025-06-26 13:12:12.783769,0 days 00:00:09.424934,0.824963619497223,MVS,0.09929668476181984,9,1.9629573057678027,0.13403467442671105,45,Iter,24,0.12486452998975331,0.2175039583546629,COMPLETE
80,80,0.28780444444444436,2025-06-26 13:12:12.784849,2025-06-26 13:12:34.583808,0 days 00:00:21.798959,0.06708105794781098,Bernoulli,0.4125872372223335,8,1.7391210658842493,0.07587236911339539,38,Iter,40,0.06936947077739761,0.2224222430905064,COMPLETE
81,81,0.2853111111111111,2025-06-26 13:12:34.585172,2025-06-26 13:12:53.480552,0 days 00:00:18.895380,0.0031724594495244752,MVS,0.09396058404199392,8,1.7350937393704857,0.015522665279710282,84,IncToDec,12,0.34846092795698214,0.22201816621955411,COMPLETE
82,82,0.28756444444444446,2025-06-26 13:12:53.481627,2025-06-26 13:13:27.306728,0 days 00:00:33.825101,2.682272506088703e-08,MVS,0.5799071781924273,6,4.558625083059886,0.022444002385003336,48,Iter,11,0.20944318189057992,0.7153353945199599,COMPLETE
83,83,0.2863644444444444,2025-06-26 13:13:27.307526,2025-06-26 13:13:42.689567,0 days 00:00:15.382041,0.0009622154645571654,Bernoulli,0.2982287379191129,9,2.7758763989016058,0.11340502783376342,78,Iter,25,0.10224450498705218,0.43139879991177,COMPLETE
84,84,0.2873022222222222,2025-06-26 13:13:42.690370,2025-06-26 13:14:04.788315,0 days 00:00:22.097945,0.00046710447290083295,Bayesian,0.6853139469688978,3,4.372190983994345,0.12078831180955388,37,IncToDec,27,0.37685481323399195,0.6168099997005101,COMPLETE
85,85,0.28987111111111113,2025-06-26 13:14:04.789293,2025-06-26 13:14:49.414996,0 days 00:00:44.625703,0.0021364471055914176,MVS,0.531020118990097,8,2.096338487635091,0.03243269300119212,87,Iter,38,0.17336461797753341,0.06603249320328008,COMPLETE
86,86,0.28792888888888885,2025-06-26 13:14:49.415861,2025-06-26 13:15:30.371721,0 days 00:00:40.955860,9.656003559631315e-05,MVS,0.7356116816911669,10,2.9874708137070893,0.13332906110934062,100,Iter,38,0.22482381569495208,0.13088848367834144,COMPLETE
87,87,0.2898533333333333,2025-06-26 13:15:30.372489,2025-06-26 13:16:13.863054,0 days 00:00:43.490565,0.8887063634223238,MVS,0.2571206436471817,9,3.233436452669683,0.03077373422004101,69,Iter,42,0.096877206004031,0.061580186930116625,COMPLETE
88,88,0.2869333333333333,2025-06-26 13:16:13.863853,2025-06-26 13:16:40.542785,0 days 00:00:26.678932,9.023998752010851e-06,MVS,0.5369225489986417,7,1.4750320901017953,0.05539220613185494,97,Iter,39,0.1436976555032912,0.059038069235120824,COMPLETE
89,89,0.28775555555555554,2025-06-26 13:16:40.543604,2025-06-26 13:16:58.443099,0 days 00:00:17.899495,2.5628793784522026,MVS,0.4632952219627101,9,3.085282415756191,0.1183970838331893,76,Iter,36,0.19095182596516122,0.08380194329053778,COMPLETE
90,90,0.2863911111111111,2025-06-26 13:16:58.443938,2025-06-26 13:17:28.944257,0 days 00:00:30.500319,0.33979903718386384,MVS,0.20808744358923162,8,3.1276211406602563,0.011160771391584494,63,Iter,33,0.10388311442544274,0.0971783973048646,COMPLETE
91,91,0.28802222222222224,2025-06-26 13:17:28.945311,2025-06-26 13:18:15.699715,0 days 00:00:46.754404,0.0006753729559291281,MVS,0.47571758697281313,8,2.4655107679178845,0.019912986664550027,94,Iter,45,0.2818218858057427,0.05590871102477877,COMPLETE
92,92,0.2865955555555555,2025-06-26 13:18:15.700589,2025-06-26 13:18:43.097173,0 days 00:00:27.396584,0.10265633304614506,MVS,0.7694561596236208,8,3.603574286238019,0.0966883165984872,35,Iter,30,0.6384153918772757,0.2553302208209787,COMPLETE
93,93,0.2899288888888889,2025-06-26 13:18:43.098364,2025-06-26 13:19:37.917543,0 days 00:00:54.819179,0.42823187941379504,MVS,0.4118897681855141,9,3.179783944087877,0.018943597460621214,73,IncToDec,23,0.21505290128786128,0.1394822614264652,COMPLETE
94,94,0.2880933333333333,2025-06-26 13:19:37.918413,2025-06-26 13:20:58.736319,0 days 00:01:20.817906,1.6365655006089306,MVS,0.6077404995589563,10,3.2111500357853893,0.024668214562212052,75,IncToDec,25,0.2115074393613496,0.1645173471125567,COMPLETE
95,95,0.28757333333333335,2025-06-26 13:20:58.737151,2025-06-26 13:21:33.082990,0 days 00:00:34.345839,0.012932612167816908,Bayesian,0.17702522421664557,10,3.5623220291761313,0.03305755843108937,71,Iter,50,0.14365669155534286,0.0713335833368182,COMPLETE
96,96,0.28685777777777777,2025-06-26 13:21:33.084186,2025-06-26 13:22:05.534253,0 days 00:00:32.450067,0.14071276338087463,MVS,0.39650347777866046,7,2.7338321440692255,0.023765929627881738,83,IncToDec,26,0.3727035939889689,0.20586704787814025,COMPLETE
97,97,0.2849955555555555,2025-06-26 13:22:05.535064,2025-06-26 13:22:41.098782,0 days 00:00:35.563718,0.3653504573426566,MVS,0.355050341602406,8,3.6716596536894084,0.0014369595092318535,97,IncToDec,11,0.39108762646796236,0.14027607447251017,COMPLETE
98,98,0.2885155555555555,2025-06-26 13:22:41.099674,2025-06-26 13:23:17.377668,0 days 00:00:36.277994,0.020915423248273866,MVS,0.2573272047768629,10,2.9749357804623364,0.05987434653822892,76,IncToDec,50,0.21525332576374262,0.09134362959964845,COMPLETE
99,99,0.2879111111111112,2025-06-26 13:23:17.378483,2025-06-26 13:23:59.959190,0 days 00:00:42.580707,0.04662787982595907,Bayesian,0.6314370248737978,8,1.6820312404740547,0.07374112772227641,87,Iter,41,0.1436764929260162,0.2052145890443377,COMPLETE
100,100,0.2846933333333333,2025-06-26 13:23:59.960042,2025-06-26 13:24:08.380119,0 days 00:00:08.420077,1.9181711664071997e-05,MVS,0.19337521191208187,5,1.9231626719493922,0.08418510762330267,67,Iter,16,0.5492076664499022,0.18423565660794172,COMPLETE
101,101,0.28544888888888886,2025-06-26 13:24:08.380954,2025-06-26 13:24:16.313745,0 days 00:00:07.932791,1.1981138399029129e-05,MVS,0.7832773940520601,5,4.452332420737919,0.2998382372150214,6,Iter,27,0.7207094216931826,0.4469445344756383,COMPLETE
102,102,0.28668888888888894,2025-06-26 13:24:16.314638,2025-06-26 13:24:33.110743,0 days 00:00:16.796105,0.0004234205034847293,MVS,0.05278460183390504,9,2.8349799992656157,0.04653247090767139,100,Iter,18,0.01927978227300453,0.09138530940184124,COMPLETE
103,103,0.28862666666666664,2025-06-26 13:24:33.111547,2025-06-26 13:25:15.002150,0 days 00:00:41.890603,0.031401033254228494,MVS,0.3008243481529067,9,4.591818777050838,0.019391285828493417,61,IncToDec,21,0.2775346550706701,0.16624386629003823,COMPLETE
104,104,0.2884488888888889,2025-06-26 13:25:15.003494,2025-06-26 13:26:05.733962,0 days 00:00:50.730468,0.001176852947625753,MVS,0.5088875453071882,8,4.617780885140394,0.02107538024926953,44,IncToDec,21,0.1056240446398515,0.3302024263860504,COMPLETE
105,105,0.28544444444444445,2025-06-26 13:26:05.735002,2025-06-26 13:26:12.820276,0 days 00:00:07.085274,0.00015117529376150338,Bayesian,0.7806617378768332,7,4.707392034060425,0.279959556880916,21,Iter,15,0.6809357972158724,0.9949685856452165,COMPLETE
106,106,0.2886666666666667,2025-06-26 13:26:12.821575,2025-06-26 13:26:43.423066,0 days 00:00:30.601491,0.00019087767084571404,MVS,0.2159207295860216,8,3.8856071548462308,0.028131669416379904,45,Iter,49,0.1722107962156246,0.06948260861269935,COMPLETE
107,107,0.2825422222222222,2025-06-26 13:26:43.424270,2025-06-26 13:27:10.934878,0 days 00:00:27.510608,0.007290914127645099,MVS,0.19530256744475016,9,4.663729715055593,0.0037503176559519334,60,IncToDec,20,0.5609561518333746,0.614296876100188,COMPLETE
108,108,0.2862533333333333,2025-06-26 13:27:10.935664,2025-06-26 13:27:27.073916,0 days 00:00:16.138252,7.4361993122700766e-06,Bernoulli,0.16858209549035422,8,3.5377729781325615,0.07638219587245482,28,Iter,49,0.1626042221709493,0.05840545752370026,COMPLETE
109,109,0.28540000000000004,2025-06-26 13:27:27.074799,2025-06-26 13:28:03.156931,0 days 00:00:36.082132,0.0007239482763667397,MVS,0.3451148807946405,8,4.789027467726989,0.011652889346709454,2,Iter,46,0.31471933965868915,0.2907580524759088,COMPLETE
110,110,0.28582222222222226,2025-06-26 13:28:03.157750,2025-06-26 13:28:22.167736,0 days 00:00:19.009986,8.285596164038378e-05,MVS,0.08504356234004395,7,2.3421209641665177,0.020603556443531953,37,Iter,46,0.22436611558244393,0.08358311722484574,COMPLETE
111,111,0.28555555555555556,2025-06-26 13:28:22.168525,2025-06-26 13:28:38.581564,0 days 00:00:16.413039,0.023675256043107048,MVS,0.14439505822973808,10,4.426546512645816,0.05482406267456186,76,IncToDec,19,0.7016365684605606,0.2455015945783785,COMPLETE
112,112,0.28870666666666667,2025-06-26 13:28:38.582533,2025-06-26 13:29:29.574902,0 days 00:00:50.992369,0.0020604617340743573,MVS,0.3034938686810922,10,4.949751197638831,0.04043156216592393,79,IncToDec,29,0.10543516423519295,0.29398341484194324,COMPLETE
113,113,0.28744888888888886,2025-06-26 13:29:29.575724,2025-06-26 13:30:00.997441,0 days 00:00:31.421717,0.0025226086234117965,MVS,0.3880337048221635,9,3.68605151257586,0.050248593947243576,68,IncToDec,29,0.24385361195066868,0.2194488125310469,COMPLETE
114,114,0.28756444444444446,2025-06-26 13:30:00.998460,2025-06-26 13:30:07.690998,0 days 00:00:06.692538,9.097040996058612e-09,MVS,0.5425365533828973,4,2.0185379252582925,0.22091355095305878,44,Iter,14,0.07440644657582883,0.7142395827744844,COMPLETE
115,115,0.28815999999999997,2025-06-26 13:30:07.692535,2025-06-26 13:31:38.544697,0 days 00:01:30.852162,0.4583028563522042,Bayesian,0.3356468468299864,10,4.778712142912054,0.015295059024336064,91,IncToDec,37,0.029888129174123992,0.21732270706507434,COMPLETE
116,116,0.2862222222222222,2025-06-26 13:31:38.545564,2025-06-26 13:31:53.997255,0 days 00:00:15.451691,5.173649162633222e-05,MVS,0.144634010640243,9,4.700846545824389,0.08628557929744493,27,Iter,49,0.13023746200619174,0.11944981823527007,COMPLETE
117,117,0.28315555555555555,2025-06-26 13:31:53.998216,2025-06-26 13:31:59.905802,0 days 00:00:05.907586,0.011650615303527807,MVS,0.18912131637205204,10,4.851124680010144,0.2572092460168047,44,IncToDec,19,0.0668327973083393,0.31919051711855995,COMPLETE
118,118,0.28715111111111113,2025-06-26 13:31:59.906619,2025-06-26 13:32:23.692178,0 days 00:00:23.785559,3.7468674563417013,Bernoulli,0.2800131772689315,7,4.483127021685066,0.05289638944209206,43,Iter,37,0.14272548252777006,0.12696003532717776,COMPLETE
119,119,0.2863022222222222,2025-06-26 13:32:23.693260,2025-06-26 13:32:31.411945,0 days 00:00:07.718685,0.00034504818011722954,MVS,0.46296849011753183,5,4.129484938480527,0.19888260300809565,29,Iter,26,0.4649939795203327,0.6255727557188941,COMPLETE
120,120,0.2857422222222223,2025-06-26 13:32:31.412782,2025-06-26 13:32:45.409619,0 days 00:00:13.996837,0.005786907832668096,MVS,0.21499580546834177,7,3.7751723917710525,0.0764890633576085,68,Iter,48,0.10967964172948332,0.06601356947517287,COMPLETE
121,121,0.2853733333333333,2025-06-26 13:32:45.410452,2025-06-26 13:32:52.145819,0 days 00:00:06.735367,0.0015280535053949467,MVS,0.4893024195431228,8,1.756403307973463,0.24342055961959846,74,Iter,15,0.1937678794556587,0.3068439679438031,COMPLETE
122,122,0.28720888888888885,2025-06-26 13:32:52.146700,2025-06-26 13:33:21.854982,0 days 00:00:29.708282,1.6018404363234757e-06,MVS,0.30818625015060575,7,4.059393854800172,0.02505142556528828,49,IncToDec,47,0.4240111120779171,0.272209203376338,COMPLETE
123,123,0.28694222222222227,2025-06-26 13:33:21.856198,2025-06-26 13:33:51.452677,0 days 00:00:29.596479,1.6552114685313194e-05,MVS,0.7749584099710836,8,4.11401198871114,0.12834616115064895,37,IncToDec,21,0.6914195392465123,0.6514835359282165,COMPLETE
124,124,0.2891911111111111,2025-06-26 13:33:51.453763,2025-06-26 13:34:25.774237,0 days 00:00:34.320474,6.607933160886222,Bernoulli,0.34754432602534613,8,2.1271212654342513,0.02662263022937387,92,Iter,24,0.04027973133032417,0.07943235002973488,COMPLETE
125,125,0.2869822222222222,2025-06-26 13:34:25.775173,2025-06-26 13:34:52.294542,0 days 00:00:26.519369,3.3351383447136835,Bernoulli,0.28154298522142895,9,1.574837288647737,0.045092205948498755,89,Iter,22,0.04589332838734693,0.06610868146935094,COMPLETE
126,126,0.28576,2025-06-26 13:34:52.295558,2025-06-26 13:35:21.009792,0 days 00:00:28.714234,1.003573647649338e-05,MVS,0.19298901101146262,9,4.948452882805021,0.005620458859415484,87,IncToDec,25,0.2937141713194211,0.13297112348713422,COMPLETE
127,127,0.28818666666666665,2025-06-26 13:35:21.010637,2025-06-26 13:36:13.097578,0 days 00:00:52.086941,0.09163524070157006,MVS,0.3311103022079057,10,4.643332827020686,0.025056171390460884,90,IncToDec,33,0.24476628669498054,0.32682181756652096,COMPLETE
128,128,0.2877955555555555,2025-06-26 13:36:13.098422,2025-06-26 13:37:11.865857,0 days 00:00:58.767435,1.3932909993262665,MVS,0.2529330876419962,10,3.9923589987479535,0.008755759455664359,85,IncToDec,11,0.05522278283997964,0.27574008098832614,COMPLETE
129,129,0.28769333333333336,2025-06-26 13:37:11.866669,2025-06-26 13:37:56.474465,0 days 00:00:44.607796,4.759401564240975,Bernoulli,0.5072781810933515,8,2.3672110280604572,0.014550171038740208,83,Iter,13,0.09909881796970305,0.2430135436706103,COMPLETE
130,130,0.28702666666666665,2025-06-26 13:37:56.475273,2025-06-26 13:38:28.886655,0 days 00:00:32.411382,0.055978755171338955,MVS,0.2503291448254326,8,4.813779595772767,0.011366953946029178,42,IncToDec,21,0.3036068402025462,0.1865531668304201,COMPLETE
131,131,0.2865822222222222,2025-06-26 13:38:28.887502,2025-06-26 13:38:54.447231,0 days 00:00:25.559729,6.580408800634257,Bernoulli,0.19131318476553866,7,2.173468652937146,0.00791704378214045,73,Iter,30,0.020913870485352683,0.15076974800269372,COMPLETE
132,132,0.2848311111111111,2025-06-26 13:38:54.448035,2025-06-26 13:39:09.163575,0 days 00:00:14.715540,0.6391188359084571,MVS,0.07169452307878507,10,3.0569764167569944,0.07477729272333188,83,Iter,29,0.17701334582622205,0.4786525493261632,COMPLETE
133,133,0.2843688888888889,2025-06-26 13:39:09.164409,2025-06-26 13:39:37.432456,0 days 00:00:28.268047,2.1772915149559653e-09,MVS,0.7115185458656106,3,4.045266770707602,0.005747019585212436,20,Iter,12,0.25742825008076464,0.9051361184830633,COMPLETE
134,134,0.28662222222222217,2025-06-26 13:39:37.433523,2025-06-26 13:40:14.946135,0 days 00:00:37.512612,0.052212803500680936,Bernoulli,0.3692636881343675,9,2.339120644354804,0.011666427743360172,99,IncToDec,22,0.24355891326025386,0.12330938036723102,COMPLETE
135,135,0.28913777777777777,2025-06-26 13:40:14.946963,2025-06-26 13:40:40.918771,0 days 00:00:25.971808,0.00668344554558355,MVS,0.43158438598109494,5,1.61942047143407,0.03490944521716908,61,Iter,15,0.13891862653512135,0.09967199256219622,COMPLETE
136,136,0.2872488888888889,2025-06-26 13:40:40.919698,2025-06-26 13:41:04.071799,0 days 00:00:23.152101,0.09306519629457471,MVS,0.4286222486970523,4,1.2383890874310592,0.03280276266088346,59,Iter,19,0.15611625847349575,0.1290187289690519,COMPLETE
137,137,0.28940000000000005,2025-06-26 13:41:04.072620,2025-06-26 13:41:15.918973,0 days 00:00:11.846353,2.6442990303630646e-05,Bayesian,0.38617527918713085,6,1.8368816955712872,0.18159617412798004,76,Iter,27,0.09319705040869262,0.2814800958789066,COMPLETE
138,138,0.28761333333333333,2025-06-26 13:41:15.919838,2025-06-26 13:41:28.200621,0 days 00:00:12.280783,1.5763797602441516e-07,Bayesian,0.40915435889768553,7,3.053059478327306,0.26704827618813987,73,Iter,36,0.3131003511690469,0.15042693556454298,COMPLETE
139,139,0.28985333333333335,2025-06-26 13:41:28.201595,2025-06-26 13:42:21.933553,0 days 00:00:53.731958,6.298828553915307e-06,MVS,0.32989146063076885,9,3.482575570362497,0.027420501260131968,53,Iter,45,0.03203841280044782,0.05974469258834258,COMPLETE
140,140,0.28709333333333337,2025-06-26 13:42:21.934658,2025-06-26 13:43:06.680392,0 days 00:00:44.745734,4.4628405272975076e-08,Bernoulli,0.504276000110814,8,3.994075987680903,0.013065078882403316,68,Iter,41,0.09574842786764542,0.1618976556586258,COMPLETE
141,141,0.2900266666666666,2025-06-26 13:43:06.681497,2025-06-26 13:43:20.348890,0 days 00:00:13.667393,0.00033335420302589124,Bayesian,0.27158558997555926,6,1.9476054057441434,0.11875364723404337,86,Iter,25,0.11221249561278573,0.36425547287519766,COMPLETE
142,142,0.2885111111111111,2025-06-26 13:43:20.349740,2025-06-26 13:43:42.722628,0 days 00:00:22.372888,7.275561596063151e-06,Bayesian,0.148141937550965,6,1.415909633866031,0.06094598181621934,74,Iter,25,0.001988336804215174,0.24788517017097528,COMPLETE
143,143,0.28864,2025-06-26 13:43:42.723648,2025-06-26 13:44:10.210363,0 days 00:00:27.486715,0.001476089833839546,Bayesian,0.2737449281019572,4,1.7580694301629378,0.059421024654855825,81,Iter,31,0.2215316714130055,0.7339087437578304,COMPLETE
144,144,0.28891555555555554,2025-06-26 13:44:10.211664,2025-06-26 13:45:03.898406,0 days 00:00:53.686742,5.377515108409943,MVS,0.24869574931240668,10,1.9443609170416647,0.03684883402958898,63,Iter,43,0.020399286827037177,0.1266836252428351,COMPLETE
145,145,0.2893866666666666,2025-06-26 13:45:03.899728,2025-06-26 13:46:10.820446,0 days 00:01:06.920718,0.7400989300222024,MVS,0.44813112633771446,10,1.3330336808102468,0.05092935920948347,71,Iter,44,0.10578673868397305,0.22572433476942014,COMPLETE
146,146,0.2863733333333333,2025-06-26 13:46:10.821718,2025-06-26 13:47:26.539065,0 days 00:01:15.717347,5.642514794320496,MVS,0.383571563623787,10,2.091182145856507,0.015623233128785316,70,Iter,36,0.16944887145350496,0.16560754927537513,COMPLETE
147,147,0.28619999999999995,2025-06-26 13:47:26.540163,2025-06-26 13:47:50.335720,0 days 00:00:23.795557,5.8767991613317365,MVS,0.15326725565071486,8,1.681641178797654,0.017163870951787057,80,Iter,46,0.005643469075187091,0.08957329926674648,COMPLETE
148,148,0.2880844444444444,2025-06-26 13:47:50.336557,2025-06-26 13:48:16.787246,0 days 00:00:26.450689,0.010859818098527195,MVS,0.6302697477932189,8,1.1359521892217965,0.09614814842808705,47,Iter,46,0.3327206113570706,0.1292366492900066,COMPLETE
149,149,0.28773333333333334,2025-06-26 13:48:16.788078,2025-06-26 13:48:30.093312,0 days 00:00:13.305234,0.38512364424208634,Bayesian,0.2815195443153181,6,2.0864179123094924,0.12959563630748888,65,Iter,28,0.0019352447111774251,0.42116689822779546,COMPLETE
150,150,0.2873822222222222,2025-06-26 13:48:30.094248,2025-06-26 13:48:55.719671,0 days 00:00:25.625423,1.052529258498081,MVS,0.3571440961747178,10,1.5489915711254025,0.11525827613459608,72,Iter,39,0.06299310806895936,0.5597555050766257,COMPLETE
151,151,0.2867244444444444,2025-06-26 13:48:55.720457,2025-06-26 13:50:37.530533,0 days 00:01:41.810076,3.0618037464923745e-07,MVS,0.3930315719382078,10,3.6335186692377737,0.003220931089638235,70,Iter,39,0.06174491991287999,0.12931179934607273,COMPLETE
152,152,0.2882222222222222,2025-06-26 13:50:37.531413,2025-06-26 13:51:18.603459,0 days 00:00:41.072046,3.801275933693832e-07,MVS,0.40114057443378637,8,2.4249214566094834,0.03216001070850031,51,Iter,47,0.31501242504141175,0.15602717756384474,COMPLETE
153,153,0.29019555555555554,2025-06-26 13:51:18.604478,2025-06-26 13:51:38.086434,0 days 00:00:19.481956,0.0011724917738042842,Bayesian,0.34130348041251707,7,2.121547808667496,0.1377977886481511,88,Iter,27,0.15354992360365338,0.12998696809906374,COMPLETE
154,154,0.28558222222222224,2025-06-26 13:51:38.087427,2025-06-26 13:51:56.653083,0 days 00:00:18.565656,4.90386120624313,MVS,0.06840110334397237,10,1.9204889268648688,0.11004690084867495,45,Iter,48,0.01765989153775388,0.22291859687643234,COMPLETE
155,155,0.29016,2025-06-26 13:51:56.653942,2025-06-26 13:52:44.848529,0 days 00:00:48.194587,0.0012062348040780082,MVS,0.4229980028036562,10,1.2417829212992182,0.07142795030585304,65,IncToDec,40,0.02082619149408467,0.24949889691532126,COMPLETE
156,156,0.2868577777777777,2025-06-26 13:52:44.849500,2025-06-26 13:52:56.382658,0 days 00:00:11.533158,0.004545494505234134,Bayesian,0.29529919027360857,6,2.295073774517274,0.1479388943847109,88,IncToDec,23,0.2965658941016059,0.15503378749011282,COMPLETE
157,157,0.28530666666666665,2025-06-26 13:52:56.383459,2025-06-26 13:53:12.600924,0 days 00:00:16.217465,0.0002278523935178948,Bayesian,0.21772885154905666,10,1.1290274983753879,0.12946816011738135,68,IncToDec,39,0.033295042068097774,0.3312613298211867,COMPLETE
158,158,0.28799555555555556,2025-06-26 13:53:12.601692,2025-06-26 13:53:35.517326,0 days 00:00:22.915634,5.556800436185019e-06,Bayesian,0.5761755984586752,6,1.6735541419780713,0.10769415543822465,89,Iter,26,0.16706511824120426,0.5495166177218059,COMPLETE
159,159,0.28926222222222214,2025-06-26 13:53:35.518111,2025-06-26 13:55:31.573566,0 days 00:01:56.055455,4.505003726285735e-05,Bernoulli,0.4701045946198261,10,1.4553590431878067,0.026668647647763617,77,IncToDec,43,0.021786331704760326,0.41911988884355483,COMPLETE
160,160,0.2905688888888889,2025-06-26 13:55:31.574393,2025-06-26 13:57:31.647268,0 days 00:02:00.072875,3.851579501966772e-05,Bernoulli,0.5396698901117247,10,2.3595944761366017,0.027816293131505784,85,IncToDec,46,0.008179345523639161,0.5656247419496974,COMPLETE
161,161,0.28976444444444444,2025-06-26 13:57:31.648123,2025-06-26 13:58:16.433057,0 days 00:00:44.784934,4.9216041977178004e-05,Bernoulli,0.6100593290500942,10,2.6169648814151776,0.12358115977615772,88,IncToDec,46,0.20275310447884143,0.36438540964986266,COMPLETE
162,162,0.28820444444444443,2025-06-26 13:58:16.433854,2025-06-26 13:58:46.173892,0 days 00:00:29.740038,9.237235525655826e-06,Bernoulli,0.3932172508207964,9,1.5124851769591963,0.08810342781383139,94,IncToDec,37,0.00990587586674489,0.6544986141197986,COMPLETE
163,163,0.28805777777777775,2025-06-26 13:58:46.174725,2025-06-26 14:00:16.237979,0 days 00:01:30.063254,1.823850762310258e-05,Bernoulli,0.6270226574141974,9,2.3114049191337975,0.003436552244757087,90,IncToDec,39,0.005849544946781396,0.5166692204911684,COMPLETE
164,164,0.2868088888888889,2025-06-26 14:00:16.238802,2025-06-26 14:01:27.343365,0 days 00:01:11.104563,6.558546817710094e-07,MVS,0.5020451234223133,9,1.0413981016221663,0.006699085696859935,83,IncToDec,41,0.06085275446695071,0.5282115765531827,COMPLETE
165,165,0.2882488888888889,2025-06-26 14:01:27.344339,2025-06-26 14:02:16.541287,0 days 00:00:49.196948,5.64217984015271e-07,Bernoulli,0.7992316884306194,9,2.446406147360591,0.060174756308766494,76,IncToDec,45,0.23145729460709338,0.1994751678246052,COMPLETE
166,166,0.28672000000000003,2025-06-26 14:02:16.542212,2025-06-26 14:02:54.877115,0 days 00:00:38.334903,0.021200339286901487,MVS,0.4291634300278086,10,1.0652251994550372,0.09558034145497958,85,IncToDec,45,0.4813919005032284,0.4736668203770807,COMPLETE
167,167,0.2882444444444444,2025-06-26 14:02:54.878430,2025-06-26 14:04:39.432853,0 days 00:01:44.554423,7.488767029115264e-05,Bernoulli,0.5295857300679192,10,1.628245450091038,0.013196050811406044,80,IncToDec,45,0.050406108084866424,0.17730075017990926,COMPLETE
168,168,0.28914666666666666,2025-06-26 14:04:39.434223,2025-06-26 14:06:32.853906,0 days 00:01:53.419683,0.0014461364050200169,Bernoulli,0.5626241017977983,10,1.4855789567568967,0.012631571269305428,51,IncToDec,49,0.0463038451372018,0.6546659354485516,COMPLETE
169,169,0.29041333333333336,2025-06-26 14:06:32.855097,2025-06-26 14:07:00.845273,0 days 00:00:27.990176,0.0017887353217498675,Bernoulli,0.5062042152667681,9,2.724816942419469,0.10650231271827791,94,IncToDec,47,0.20145999287004346,0.415884173862209,COMPLETE
170,170,0.2852177777777778,2025-06-26 14:07:00.846218,2025-06-26 14:07:29.961039,0 days 00:00:29.114821,0.030691807352975192,Bernoulli,0.5900185608460597,10,2.333039420959143,0.22338875006942513,57,IncToDec,47,0.1247724588029917,0.536741664314389,COMPLETE
171,171,0.28154666666666667,2025-06-26 14:07:29.961848,2025-06-26 14:07:38.999597,0 days 00:00:09.037749,0.018503241295001843,Bernoulli,0.3576104771117338,8,2.0292740342728073,0.2042394825823943,94,IncToDec,46,0.16730470498368505,0.2625189220101665,COMPLETE
172,172,0.2889111111111111,2025-06-26 14:07:39.000440,2025-06-26 14:09:03.076607,0 days 00:01:24.076167,0.000412248046356664,Bernoulli,0.5173429916119463,9,1.4292640576867988,0.010256624147040441,41,IncToDec,50,0.0034830512725191817,0.44005994146377586,COMPLETE
173,173,0.28729333333333334,2025-06-26 14:09:03.077384,2025-06-26 14:10:17.679229,0 days 00:01:14.601845,0.00023673478764289465,MVS,0.3901490989018817,10,1.1531668407526046,0.02268915744817791,68,IncToDec,31,0.11708457937424611,0.1752539308508413,COMPLETE
174,174,0.29035555555555553,2025-06-26 14:10:17.680266,2025-06-26 14:11:04.538905,0 days 00:00:46.858639,0.001478735480584917,MVS,0.36711763895159977,10,1.017503517076649,0.04574655662039907,78,Iter,49,0.29276115033123995,0.13396446683943186,COMPLETE
175,175,0.2873333333333333,2025-06-26 14:11:04.539746,2025-06-26 14:11:33.044071,0 days 00:00:28.504325,6.23224971124856e-05,Bayesian,0.3430097038296848,7,2.412814552651253,0.05428775859928438,91,Iter,27,0.41347771216739765,0.3304521139002097,COMPLETE
176,176,0.28950666666666663,2025-06-26 14:11:33.045052,2025-06-26 14:13:21.715777,0 days 00:01:48.670725,0.0004204690776011746,MVS,0.5468631564894055,10,1.159037443424923,0.02978836235258952,79,Iter,39,0.07884712191082141,0.09945488616762915,COMPLETE
177,177,0.2873866666666666,2025-06-26 14:13:21.716684,2025-06-26 14:13:38.563837,0 days 00:00:16.847153,0.00010607320041269782,Bayesian,0.42850489785961815,4,1.6125814287738298,0.10110011975499426,78,Iter,35,0.2266912575554832,0.08038159311874085,COMPLETE
178,178,0.2859688888888889,2025-06-26 14:13:38.564667,2025-06-26 14:14:09.637727,0 days 00:00:31.073060,0.00010346859719167692,Bernoulli,0.549686368861856,10,3.5984492620093316,0.18525640040643923,94,IncToDec,48,0.3860322827283832,0.3424592593926079,COMPLETE
179,179,0.2869644444444444,2025-06-26 14:14:09.638620,2025-06-26 14:14:32.258500,0 days 00:00:22.619880,8.701136575613293e-06,Bernoulli,0.39963987916924393,10,1.0959592115112382,0.16881599428669564,62,Iter,49,0.18313156702837646,0.28524625970640594,COMPLETE
180,180,0.28589777777777775,2025-06-26 14:14:32.259373,2025-06-26 14:15:31.998183,0 days 00:00:59.738810,2.6052688285988832e-05,MVS,0.6015348317690261,10,1.0780053017087703,0.05889841397737654,76,Iter,42,0.11430953222692179,0.13498817779600225,COMPLETE
181,181,0.28783999999999993,2025-06-26 14:15:31.999165,2025-06-26 14:16:20.350108,0 days 00:00:48.350943,2.4090447177253626e-05,Bernoulli,0.554577933096433,8,2.4240675895307575,0.022482380684927594,96,IncToDec,50,0.10746257829865441,0.5896822618944504,COMPLETE
182,182,0.28903999999999996,2025-06-26 14:16:20.351182,2025-06-26 14:17:28.057327,0 days 00:01:07.706145,4.4649640447745575,MVS,0.646631988295587,9,1.3688620602774102,0.0389510133939771,62,Iter,49,0.153583976061371,0.3933505364151709,COMPLETE
183,183,0.2877955555555555,2025-06-26 14:17:28.058253,2025-06-26 14:18:21.117883,0 days 00:00:53.059630,0.00637547273007008,MVS,0.4458331650398667,9,1.4268183751200465,0.04377386453082605,43,IncToDec,45,0.015212400033558022,0.24948222883440208,COMPLETE
184,184,0.28745777777777776,2025-06-26 14:18:21.118719,2025-06-26 14:18:32.999958,0 days 00:00:11.881239,6.516595178716132e-05,Bayesian,0.3170640704985369,7,2.2266774965175657,0.14942321136798523,100,Iter,25,0.16739502566202835,0.13409576304929102,COMPLETE
185,185,0.2873555555555556,2025-06-26 14:18:33.000809,2025-06-26 14:19:16.236245,0 days 00:00:43.235436,0.00015494194384181194,MVS,0.25260290960427734,10,1.056190791678878,0.02532599072382148,94,Iter,48,0.3796812878483006,0.11620520891661802,COMPLETE
186,186,0.2881244444444444,2025-06-26 14:19:16.237514,2025-06-26 14:21:00.963167,0 days 00:01:44.725653,1.6875505130339024e-07,Bernoulli,0.5183924943247437,10,1.7166512926938693,0.013979165121430197,44,Iter,49,0.053262479104850116,0.6254769240720793,COMPLETE
187,187,0.2863644444444444,2025-06-26 14:21:00.964112,2025-06-26 14:21:44.124576,0 days 00:00:43.160464,0.002462722652746886,Bernoulli,0.6611806999395033,9,1.0919178195014978,0.013552637014935672,50,IncToDec,44,0.28329670352011344,0.7237577795788266,COMPLETE
188,188,0.28612444444444446,2025-06-26 14:21:44.125604,2025-06-26 14:22:20.003692,0 days 00:00:35.878088,2.2310878729701527e-05,MVS,0.21419492054181513,10,1.2294826713821954,0.017648511432724015,43,Iter,48,0.28468655295839473,0.4441462794292809,COMPLETE
189,189,0.28824,2025-06-26 14:22:20.004838,2025-06-26 14:23:06.136271,0 days 00:00:46.131433,1.1885771474165921e-05,MVS,0.5325573844904814,10,2.336107928076391,0.10063297761820045,74,IncToDec,42,0.11519019280736316,0.33049294092670733,COMPLETE
190,190,0.2844044444444444,2025-06-26 14:23:06.137257,2025-06-26 14:23:40.129567,0 days 00:00:33.992310,0.0020043083721696907,Bayesian,0.5898787748752132,10,2.4799761083782186,0.21776497923104052,97,IncToDec,50,0.30454078744731,0.21901019847222508,COMPLETE
191,191,0.28520888888888885,2025-06-26 14:23:40.130343,2025-06-26 14:24:07.909938,0 days 00:00:27.779595,0.03989271456950016,Bernoulli,0.5076965729744969,6,2.7806379277969837,0.007092704396092792,94,Iter,39,0.2251213138147147,0.06460339456439251,COMPLETE
192,192,0.28735555555555553,2025-06-26 14:24:07.910774,2025-06-26 14:25:01.297470,0 days 00:00:53.386696,0.0016635164960379768,Bernoulli,0.4884138451582709,10,1.6898725695132393,0.04056589095890608,95,IncToDec,44,0.30984573958704736,0.46317129474984237,COMPLETE
193,193,0.2882711111111111,2025-06-26 14:25:01.298302,2025-06-26 14:25:59.235194,0 days 00:00:57.936892,9.313427476393512,Bayesian,0.38278620296790855,8,1.3222307596064529,0.007015418994419504,88,Iter,33,0.01727394031387279,0.1795231330757956,COMPLETE
194,194,0.28800888888888887,2025-06-26 14:25:59.236105,2025-06-26 14:27:01.750504,0 days 00:01:02.514399,1.2671912495213599e-05,Bernoulli,0.690431461087971,10,2.414783508073685,0.08851208217461244,95,IncToDec,49,0.038850678222327184,0.32411432418121255,COMPLETE
195,195,0.28832444444444444,2025-06-26 14:27:01.751311,2025-06-26 14:27:38.138441,0 days 00:00:36.387130,3.5766097641120744e-06,Bayesian,0.5576175369101765,9,1.592973559913995,0.07498718755827528,66,Iter,26,0.2032743384604323,0.1988725563752131,COMPLETE
196,196,0.28759111111111113,2025-06-26 14:27:38.139470,2025-06-26 14:27:54.009752,0 days 00:00:15.870282,0.06360203123677699,Bayesian,0.6783007982630462,5,1.6632041276186353,0.16568520176811358,66,Iter,16,0.3126139727889955,0.13253552395019846,COMPLETE
197,197,0.28583555555555556,2025-06-26 14:27:54.010538,2025-06-26 14:28:34.392272,0 days 00:00:40.381734,0.2680185866540847,Bernoulli,0.3099090989516032,9,1.3586427518694786,0.008028800711411373,56,IncToDec,42,0.17637195752423357,0.7553349899234714,COMPLETE
198,198,0.2903955555555555,2025-06-26 14:28:34.393168,2025-06-26 14:29:13.225096,0 days 00:00:38.831928,0.05348070534075387,MVS,0.46716859125872134,10,1.32155087200765,0.09549234266440819,85,IncToDec,38,0.026053398189976366,0.29019483388436895,COMPLETE
199,199,0.28709777777777773,2025-06-26 14:29:13.225955,2025-06-26 14:29:51.140403,0 days 00:00:37.914448,1.5229308037388207,MVS,0.32495814263630773,10,1.7317787561945877,0.060994223606300725,98,IncToDec,34,0.04841252354016268,0.24493485253409417,COMPLETE
